kind,level,score_col,auc_window,auc_file_mean,tau_q,tau,tail_norm,tail_abn,delta_tail
lowpass,0,S_raw,0.6694202889534187,0.7650196518809659,0.999,44003.4693410418,0.0010121457489878,0.0330388013830195,0.0320266556340317
lowpass,1,S_raw,0.7203059845304625,0.898301516002246,0.999,30532.95163978863,0.0010121457489878,0.0103726469458317,0.0093605011968438
lowpass,2,S_raw,0.6233089428112377,0.6700589556428972,0.999,32870.5573316861,0.0010121457489878,0.0038417210910487,0.0028295753420609
reverb,0,S_raw,0.6814888535651016,0.8170971364402022,0.999,41088.061512545,0.0010121457489878,0.0384172109104879,0.0374050651615
reverb,1,S_raw,0.8961965405845949,0.9919988770353734,0.999,27654.61218077354,0.0010121457489878,0.0649250864387245,0.0639129406897367
reverb,2,S_raw,0.9030548681760846,0.9948764738910724,0.999,35163.83814820678,0.0010121457489878,0.0395697272378025,0.0385575814888146
smear,0,S_raw,0.6814888535651016,0.8170971364402022,0.999,41088.061512545,0.0010121457489878,0.0384172109104879,0.0374050651615
smear,1,S_raw,0.8627593744993708,0.981120157215048,0.999,32692.913396410386,0.0010121457489878,0.038033038801383,0.0370208930523951
smear,2,S_raw,0.8122739878153672,0.9565553060078608,0.999,25074.585661962366,0.0010121457489878,0.0714560122935075,0.0704438665445196
